code,level,title,href,admin_path,parent_code,parent_title
1,1,1. Quản trị đơn vị,#,,,
1.1,2,1.1 Thông tin đơn vị,#/ld/unit-admin/cau-hinh-don-vi,,1,1. Quản trị đơn vị
1.1.1,3,1.1.1 Thông tin,/ld/unit-admin/cau-hinh-don-vi,/admin/ld/unit-admin/cau-hinh-don-vi,1.1,1.1 Thông tin đơn vị
1.1.2,3,1.1.2 Lịch sử đăng ký gói dịch vụ,/ld/unit-admin/lich-su-dang-ky-goi-dich-vu,/admin/ld/unit-admin/lich-su-dang-ky-goi-dich-vu,1.1,1.1 Thông tin đơn vị
1.2,2,1.2 Nhân sự,#/ld/unit-admin/quy-trinh-tac-nghiep,,1,1. Quản trị đơn vị
1.2.1,3,1. Danh sách nhân viên,/ld/unit-admin/danh-sach-nhan-vien,/admin/ld/unit-admin/danh-sach-nhan-vien,1.2,1.2 Nhân sự
1.2.2,3,2. Quản lý đội nhóm,/ld/unit-admin/quan-ly-doi-nhom,/admin/ld/unit-admin/quan-ly-doi-nhom,1.2,1.2 Nhân sự
1.2.3,3,3. Ca làm việc,/ld/unit-admin/ca-lam-viec,/admin/ld/unit-admin/ca-lam-viec,1.2,1.2 Nhân sự
1.2.4,3,4. Cấu hình chia số,/ld/unit-admin/danh-sach-cau-hinh-chia-so,/admin/ld/unit-admin/danh-sach-cau-hinh-chia-so,1.2,1.2 Nhân sự
1.2.5,3,5. Cấu hình tài khoản xem báo cáo,/ld/unit-admin/cau-hinh-bao-cao,/admin/ld/unit-admin/cau-hinh-bao-cao,1.2,1.2 Nhân sự
1.2.6,3,6. Cấu hình chia số care đơn,/ld/unit-admin/cau-hinh-chia-so-caredon,/admin/ld/unit-admin/cau-hinh-chia-so-caredon,1.2,1.2 Nhân sự
1.3,2,1.3 Sản phẩm,#,,1,1. Quản trị đơn vị
1.3.1,3,1. Danh sách sản phẩm,/ld/san-pham/danh-sach-san-pham,/admin/ld/san-pham/danh-sach-san-pham,1.3,1.3 Sản phẩm
1.3.2,3,2. Quản lý combo,/ld/san-pham/danh-sach-combo,/admin/ld/san-pham/danh-sach-combo,1.3,1.3 Sản phẩm
1.4,2,1.4 Kết nối giao hàng,/ld/unit-admin/cau-hinh-giao-hang?tid=0,/admin/ld/unit-admin/cau-hinh-giao-hang?tid=0,1,1. Quản trị đơn vị
1.5,2,1.5 Phân bổ data,/ld/unit-admin/redistribute-contact,/admin/ld/unit-admin/redistribute-contact,1,1. Quản trị đơn vị
1.6,2,1.6 Cấu hình chức năng,/ld/unit-admin/cau-hinh-chuc-nang,/admin/ld/unit-admin/cau-hinh-chuc-nang,1,1. Quản trị đơn vị
1.7,2,1.7 Bảo mật,#,,1,1. Quản trị đơn vị
1.7.1,3,1. Lịch sử đăng nhập,/nguoi-dung/lich-su-dang-nhap,/admin/nguoi-dung/lich-su-dang-nhap,1.7,1.7 Bảo mật
1.7.2,3,2. Quản lý đăng nhập,/nguoi-dung/quan-ly-dang-nhap,/admin/nguoi-dung/quan-ly-dang-nhap,1.7,1.7 Bảo mật
1.7.3,3,3. Lịch sử lọc data chốt đơn,/ld/unit-admin/lich-su-loc-data-chot-don,/admin/ld/unit-admin/lich-su-loc-data-chot-don,1.7,1.7 Bảo mật
1.8,2,1.8 Thiết lập quy trình sale,#,,1,1. Quản trị đơn vị
1.8.1,3,1. Khai báo danh mục tác nghiệp,/ld/unit-admin/danh-muc-tac-nghiep,/admin/ld/unit-admin/danh-muc-tac-nghiep,1.8,1.8 Thiết lập quy trình sale
1.8.2,3,2. Thiết lập luồng tác nghiệp,/ld/unit-admin/thiet-lap-tac-nghiep,/admin/ld/unit-admin/thiet-lap-tac-nghiep,1.8,1.8 Thiết lập quy trình sale
1.9,2,"1.9 Thiết lập chiết khấu, COD",/ld/unit-admin/thiet-lap-chiet-khau-cod,/admin/ld/unit-admin/thiet-lap-chiet-khau-cod,1,1. Quản trị đơn vị
1.10,2,1.10 Import excel,/ld/unit-admin/import-contact,/admin/ld/unit-admin/import-contact,1,1. Quản trị đơn vị
1.11,2,1.11 Cấu hình Facebook đơn vị,/ld/facebook/cau-hinh-don-vi,/admin/ld/facebook/cau-hinh-don-vi,1,1. Quản trị đơn vị
1.13,2,1.13 Tiện ích,#,,1,1. Quản trị đơn vị
1.13.1,3,1. Quản lý số blacklist,/ld/unit-admin/phone-blacklist,/admin/ld/unit-admin/phone-blacklist,1.13,1.13 Tiện ích
1.14,2,1.14 Quản lý hóa đơn điện tử,#,,1,1. Quản trị đơn vị
1.14.1,3,1. Danh sách cấu hình,/ld/unit-admin/danh-sach-cau-hinh-hddt,/admin/ld/unit-admin/danh-sach-cau-hinh-hddt,1.14,1.14 Quản lý hóa đơn điện tử
1.15,2,1.15 Thương mại điện tử,#,,1,1. Quản trị đơn vị
1.15.1,3,1. Danh sách kết nối cửa hàng,/connect-shop-list,/admin/connect-shop-list,1.15,1.15 Thương mại điện tử
1.15.2,3,2. Danh sách kết nối sản phẩm,/connect-product-list,/admin/connect-product-list,1.15,1.15 Thương mại điện tử
1.15.3,3,3. Danh sách đơn hàng lỗi,/error-order-list,/admin/error-order-list,1.15,1.15 Thương mại điện tử
2,1,2. Marketing,#,,,
2.1,2,2.1 Marketing dashboard,/ld/marketing/marketing-tac-nghiep,/admin/ld/marketing/marketing-tac-nghiep,2,2. Marketing
2.2,2,2.2 Bảng xếp hạng,/ld/marketing/bang-xep-hang,/admin/ld/marketing/bang-xep-hang,2,2. Marketing
2.3,2,2.3 Hồ sơ khách hàng,/ld/marketing/danh-sach-khach-hang,/admin/ld/marketing/danh-sach-khach-hang,2,2. Marketing
2.4,2,2.4 Kết nối landing - website,#/ld/unit-admin/ket-noi-landing-website?tid=2,,2,2. Marketing
2.4.1,3,1. Kết nối landing,/ld/unit-admin/ket-noi-landing-website?tid=2,/admin/ld/unit-admin/ket-noi-landing-website?tid=2,2.4,2.4 Kết nối landing - website
2.4.2,3,2. Kết nối website,/ld/marketing/cau-hinh-ket-noi-du-lieu?tid=3,/admin/ld/marketing/cau-hinh-ket-noi-du-lieu?tid=3,2.4,2.4 Kết nối landing - website
2.5,2,2.5 Kết nối facebook,#/ld/marketing/cau-hinh-ket-noi-du-lieu?tid=1,,2,2. Marketing
2.5.1,3,1. Tạo nguồn dữ liệu,/ld/marketing/cau-hinh-ket-noi-du-lieu?tid=1,/admin/ld/marketing/cau-hinh-ket-noi-du-lieu?tid=1,2.5,2.5 Kết nối facebook
2.5.2,3,2. Kết nối Fanpage Facebook,/ld/facebook/quan-ly,/admin/ld/facebook/quan-ly,2.5,2.5 Kết nối facebook
2.5.3,3,3. Danh sách bài post Facebook,/ld/facebook/danh-sach-post,/admin/ld/facebook/danh-sach-post,2.5,2.5 Kết nối facebook
2.6,2,2.6 Tiện ích,#,,2,2. Marketing
2.6.1,3,1. Import excel,/ld/marketing/import-excel,/admin/ld/marketing/import-excel,2.6,2.6 Tiện ích
2.6.2,3,2. Nhập data thủ công,/ld/marketing/nhap-contact,/admin/ld/marketing/nhap-contact,2.6,2.6 Tiện ích
2.6.3,3,3. Kết nối phần mềm thứ 3,/ld/marketing/ket-noi-doi-tac,/admin/ld/marketing/ket-noi-doi-tac,2.6,2.6 Tiện ích
2.6.4,3,4. Quản lý số seeding,/ld/marketing/danh-sach-seeding,/admin/ld/marketing/danh-sach-seeding,2.6,2.6 Tiện ích
2.7,2,2.7 Báo cáo,#,,2,2. Marketing
2.7.1,3,1. Báo cáo doanh số marketing,/ld/marketing/bao-cao-doanh-so-chi-tiet-marketing,/admin/ld/marketing/bao-cao-doanh-so-chi-tiet-marketing,2.7,2.7 Báo cáo
2.7.2,3,2. Báo cáo doanh số,/ld/marketing/bao-cao/bao-cao-doanh-so,/admin/ld/marketing/bao-cao/bao-cao-doanh-so,2.7,2.7 Báo cáo
2.7.3,3,3. Báo cáo doanh số V2,/ld/marketing/bao-cao-doanh-so-v21,/admin/ld/marketing/bao-cao-doanh-so-v21,2.7,2.7 Báo cáo
2.7.4,3,4. CEO Dashboard V2,/ld/marketing/ceo-dash-board-v2,/admin/ld/marketing/ceo-dash-board-v2,2.7,2.7 Báo cáo
2.7.5,3,5. Báo cáo công việc,/ld/thong-ke/bao-cao-cong-viec-mkt,/admin/ld/thong-ke/bao-cao-cong-viec-mkt,2.7,2.7 Báo cáo
2.7.6,3,6. Báo cáo kinh doanh hệ thống,/ld/thong-ke/bao-cao-kinh-doanh-he-thong,/admin/ld/thong-ke/bao-cao-kinh-doanh-he-thong,2.7,2.7 Báo cáo
2.8,2,2.8. Marketing Leader,#,,2,2. Marketing
2.8.1,3,1. Thống kê trưởng nhóm,/ld/marketing/thong-ke-truong-nhom,/admin/ld/marketing/thong-ke-truong-nhom,2.8,2.8. Marketing Leader
2.8.2,3,2 . Báo cáo công việc,/ld/thong-ke/bao-cao-cong-viec-mkt,/admin/ld/thong-ke/bao-cao-cong-viec-mkt,2.8,2.8. Marketing Leader
2.8.3,3,3. Báo cáo up sale,/ld/thong-ke/bao-cao-up-sale,/admin/ld/thong-ke/bao-cao-up-sale,2.8,2.8. Marketing Leader
2.9,2,2.9 Thương mại điện tử,#,,2,2. Marketing
2.9.1,3,1. Danh sách kết nối cửa hàng,/connect-shop-list,/admin/connect-shop-list,2.9,2.9 Thương mại điện tử
2.9.2,3,2. Danh sách kết nối sản phẩm,/connect-product-list,/admin/connect-product-list,2.9,2.9 Thương mại điện tử
2.9.3,3,3. Danh sách đơn hàng lỗi,/error-order-list,/admin/error-order-list,2.9,2.9 Thương mại điện tử
3,1,3. Khách hàng 360,#,,,
3.1,2,3.1 Quản lý khách hàng,/ld/customers/list-customers,/admin/ld/customers/list-customers,3,3. Khách hàng 360
3.2,2,3.2 Chiến dịch chăm sóc,/ld/customers/events,/admin/ld/customers/events,3,3. Khách hàng 360
3.3,2,3.3 Báo cáo,#,,3,3. Khách hàng 360
3.3.1,3,1. Thống kê khách hàng đa chiều,/ld/thong-ke/khach-hang-360-thong-ke-lan-mua-lai,/admin/ld/thong-ke/khach-hang-360-thong-ke-lan-mua-lai,3.3,3.3 Báo cáo
3.3.2,3,2. Thống kê khách hàng chi trả,/ld/thong-ke/bao-cao-khach-hang-chi-tra,/admin/ld/thong-ke/bao-cao-khach-hang-chi-tra,3.3,3.3 Báo cáo
4,1,4. Telesale,#,,,
4.1,2,4.1 Tác nghiệp telesale,/ld/sale/sale-tac-nghiep,/admin/ld/sale/sale-tac-nghiep,4,4. Telesale
4.2,2,4.2 Hồ sơ khách hàng,/ld/sale/danh-sach-khach-hang,/admin/ld/sale/danh-sach-khach-hang,4,4. Telesale
4.3,2,4.3 Bảng xếp hạng,/ld/sale/dashboard-sale,/admin/ld/sale/dashboard-sale,4,4. Telesale
4.4,2,4.4 Kho số thả nổi,/ld/sale/kho-so,/admin/ld/sale/kho-so,4,4. Telesale
4.5,2,4.5 Báo cáo,#,,4,4. Telesale
4.5.1,3,1. Sale KPI,/ld/sale/sale-kpi,/admin/ld/sale/sale-kpi,4.5,4.5 Báo cáo
4.5.2,3,2. Bảng tổng hợp chốt đơn,/ld/sale/bang-tong-hop-ban-hang,/admin/ld/sale/bang-tong-hop-ban-hang,4.5,4.5 Báo cáo
4.5.3,3,3. Báo cáo công việc sale,/ld/sale/bao-cao/bao-cao-cong-viec-sale,/admin/ld/sale/bao-cao/bao-cao-cong-viec-sale,4.5,4.5 Báo cáo
4.5.4,3,4. Báo cáo doanh số sale,/ld/sale/bao-cao-doanh-so-chi-tiet,/admin/ld/sale/bao-cao-doanh-so-chi-tiet,4.5,4.5 Báo cáo
4.5.5,3,5. Báo cáo doanh số,/ld/sale/bao-cao/bao-cao-doanh-so,/admin/ld/sale/bao-cao/bao-cao-doanh-so,4.5,4.5 Báo cáo
4.5.6,3,6. Báo cáo doanh số V2,/ld/sale/bao-cao/bao-cao-doanh-so-v2,/admin/ld/sale/bao-cao/bao-cao-doanh-so-v2,4.5,4.5 Báo cáo
4.5.7,3,7. CEO dashboard V2,/ld/sale/dash-board-v2,/admin/ld/sale/dash-board-v2,4.5,4.5 Báo cáo
4.5.8,3,8. Báo cáo lịch hẹn telesales,/ld/thong-ke/bao-cao-lich-hen-telesales,/admin/ld/thong-ke/bao-cao-lich-hen-telesales,4.5,4.5 Báo cáo
4.5.9,3,9. Báo cáo kinh doanh hệ thống,/ld/thong-ke/bao-cao-kinh-doanh-he-thong,/admin/ld/thong-ke/bao-cao-kinh-doanh-he-thong,4.5,4.5 Báo cáo
4.6,2,4.6 Báo cáo Leader,#,,4,4. Telesale
4.6.1,3,1. Thống kê tỉ lệ chốt đơn,/ld/thong-ke/ty-le-chot-don-theo-tac-nghiep,/admin/ld/thong-ke/ty-le-chot-don-theo-tac-nghiep,4.6,4.6 Báo cáo Leader
4.6.2,3,2. Thống kê công việc sale,/ld/sale/bao-cao-cong-viec-sale,/admin/ld/sale/bao-cao-cong-viec-sale,4.6,4.6 Báo cáo Leader
4.6.3,3,3. Thống kê nhóm,/ld/sale/thong-ke-truong-nhom-sale,/admin/ld/sale/thong-ke-truong-nhom-sale,4.6,4.6 Báo cáo Leader
4.6.4,3,4. Báo cáo data sale,/ld/sale/bao-cao-data-sale,/admin/ld/sale/bao-cao-data-sale,4.6,4.6 Báo cáo Leader
4.6.5,3,5. Tối ưu sale,/ld/sale/toi-uu-sale,/admin/ld/sale/toi-uu-sale,4.6,4.6 Báo cáo Leader
5,1,5. Kho,#,,,
5.1,2,5.1 Đăng đơn,/ld/warehouse/warehouse-tac-nghiep,/admin/ld/warehouse/warehouse-tac-nghiep,5,5. Kho
5.2,2,5.2 Quản lý kho,#,,5,5. Kho
5.2.1,3,1. Danh sách kho,/ld/warehouse/quan-ly-kho,/admin/ld/warehouse/quan-ly-kho,5.2,5.2 Quản lý kho
5.2.2,3,2. Danh sách sản phẩm kho,/ld/warehouse/quan-ly-kho/danh-sach-san-pham-kho,/admin/ld/warehouse/quan-ly-kho/danh-sach-san-pham-kho,5.2,5.2 Quản lý kho
5.3,2,"5.3 Nhập, xuất kho",#,,5,5. Kho
5.3.1,3,1. Phiếu xuất / nhập kho,/ld/warehouse/nhap-xuat-kho,/admin/ld/warehouse/nhap-xuat-kho,5.3,"5.3 Nhập, xuất kho"
5.3.2,3,2. Danh sách phiếu xuất / nhập kho,/ld/warehouse/danh-sach-phieu-xuat-nhap-kho,/admin/ld/warehouse/danh-sach-phieu-xuat-nhap-kho,5.3,"5.3 Nhập, xuất kho"
5.3.3,3,"3. Lịch sử nhập, xuất kho",/ld/warehouse/quan-ly-kho/lich-su-nhap-xuat-kho,/admin/ld/warehouse/quan-ly-kho/lich-su-nhap-xuat-kho,5.3,"5.3 Nhập, xuất kho"
5.4,2,5.4 Quản lý biên bản,/ld/warehouse/bien-ban-giao-hang,/admin/ld/warehouse/bien-ban-giao-hang,5,5. Kho
5.5,2,5.5 Báo cáo,#,,5,5. Kho
5.5.1,3,"1. Báo cáo nhập, xuất theo ngày",/ld/warehouse/bao-cao-xuat-nhap-theo-ngay1,/admin/ld/warehouse/bao-cao-xuat-nhap-theo-ngay1,5.5,5.5 Báo cáo
5.5.2,3,2. Bảng tổng hợp chờ xuất theo ngày,/ld/warehouse/quan-ly-kho/bao-cao-cho-xuat-theo-ngay,/admin/ld/warehouse/quan-ly-kho/bao-cao-cho-xuat-theo-ngay,5.5,5.5 Báo cáo
5.5.3,3,3. Báo cáo kinh doanh hệ thống,/ld/thong-ke/bao-cao-kinh-doanh-he-thong,/admin/ld/thong-ke/bao-cao-kinh-doanh-he-thong,5.5,5.5 Báo cáo
5.5.4,3,4. Báo cáo tổng hợp phát sinh kho,/ld/thong-ke/bao-cao-tong-hop-phat-sinh-kho,/admin/ld/thong-ke/bao-cao-tong-hop-phat-sinh-kho,5.5,5.5 Báo cáo
5.5.5,3,5. Báo cáo care đơn,/bao-cao/bao-cao-care-don,/admin/bao-cao/bao-cao-care-don,5.5,5.5 Báo cáo
5.5.6,3,6. Báo cáo sửa số giao hàng,/bao-cao/bao-cao-sua-so-giao-hang,/admin/bao-cao/bao-cao-sua-so-giao-hang,5.5,5.5 Báo cáo
5.5.7,3,7. Tổng hợp trạng thái giao hàng theo TK vận đơn,/bao-cao/bao-cao-trang-thai-giao-hang-theo-van-don,/admin/bao-cao/bao-cao-trang-thai-giao-hang-theo-van-don,5.5,5.5 Báo cáo
5.5.8,3,8. Báo cáo care đơn tác nghiệp,/bao-cao/bao-cao-care-don-tac-nghiep,/admin/bao-cao/bao-cao-care-don-tac-nghiep,5.5,5.5 Báo cáo
5.7,2,5.7 Thương mại điện tử,#,,5,5. Kho
5.7.1,3,1. Danh sách đơn hàng lỗi,/ld/ecommerce/e-order-sync-error-list,/admin/ld/ecommerce/e-order-sync-error-list,5.7,5.7 Thương mại điện tử
5.8,2,5.8 Cấu hình care đơn,#,,5,5. Kho
5.8.1,3,1. Cấu hình chia số care đơn,/ld/unit-admin/cau-hinh-chia-so-caredon,/admin/ld/unit-admin/cau-hinh-chia-so-caredon,5.8,5.8 Cấu hình care đơn
5.8.2,3,2. Phân bổ data care đơn,/ld/warehouse/phan-bo,/admin/ld/warehouse/phan-bo,5.8,5.8 Cấu hình care đơn
6,1,6. Kế toán,#,,,
6.1,2,6.1 Đối soát đơn,/ld/accounting/accounting-tac-nghiep,/admin/ld/accounting/accounting-tac-nghiep,6,6. Kế toán
6.2,2,6.2 Quản lý chi phí đơn vị,#/ld/accounting/quan-ly-chi-phi,,6,6. Kế toán
6.2.1,3,1. Nhập chi phí,/ld/accounting/quan-ly-chi-phi,/admin/ld/accounting/quan-ly-chi-phi,6.2,6.2 Quản lý chi phí đơn vị
6.2.2,3,2. Khai báo danh mục chi phí,/ld/accounting/danh-muc-chi-phi,/admin/ld/accounting/danh-muc-chi-phi,6.2,6.2 Quản lý chi phí đơn vị
6.2.3,3,3. Khai báo nhóm chi phí,/ld/accounting/nhom-chi-phi,/admin/ld/accounting/nhom-chi-phi,6.2,6.2 Quản lý chi phí đơn vị
6.2.4,3,4. Khai báo đơn vị tính,/ld/accounting/danh-muc-don-vi-tinh,/admin/ld/accounting/danh-muc-don-vi-tinh,6.2,6.2 Quản lý chi phí đơn vị
6.3,2,6.3 Báo cáo,#,,6,6. Kế toán
6.3.1,3,1. CEO dashboard,/ld/ceo/dash-board,/admin/ld/ceo/dash-board,6.3,6.3 Báo cáo
6.3.2,3,2. Báo cáo doanh số,/ld/accounting/bao-cao/bao-cao-doanh-so,/admin/ld/accounting/bao-cao/bao-cao-doanh-so,6.3,6.3 Báo cáo
6.3.3,3,3. Báo cáo doanh số V2,/ld/warehouse/bao-cao/bao-cao-doanh-so-v2,/admin/ld/warehouse/bao-cao/bao-cao-doanh-so-v2,6.3,6.3 Báo cáo
6.3.4,3,4. Báo cáo kinh doanh,/ld/accounting/bao-cao-kinh-doanh,/admin/ld/accounting/bao-cao-kinh-doanh,6.3,6.3 Báo cáo
6.3.5,3,5. Tổng kết lương tháng,/ld/accounting/tong-ket-ke-hoach-thang,/admin/ld/accounting/tong-ket-ke-hoach-thang,6.3,6.3 Báo cáo
6.3.6,3,6. Báo cáo doanh số chi tiết,/ld/accounting/bao-cao/bao-cao-doanh-so-chi-tiet,/admin/ld/accounting/bao-cao/bao-cao-doanh-so-chi-tiet,6.3,6.3 Báo cáo
6.3.7,3,7. CEO dashboard V2,/bao-cao/ceo-dash-board-v2,/admin/bao-cao/ceo-dash-board-v2,6.3,6.3 Báo cáo
6.3.8,3,8. Báo cáo kinh doanh hệ thống,/ld/thong-ke/bao-cao-kinh-doanh-he-thong,/admin/ld/thong-ke/bao-cao-kinh-doanh-he-thong,6.3,6.3 Báo cáo
6.3.9,3,9. Báo cáo tỉ lệ chốt đơn sản phẩm,/ld/thong-ke/bao-cao-ti-le-chot-don-san-pham,/admin/ld/thong-ke/bao-cao-ti-le-chot-don-san-pham,6.3,6.3 Báo cáo
6.4,2,6.4 Danh sách xử lý HĐĐT,/ld/accounting/danh-sach-hddt,/admin/ld/accounting/danh-sach-hddt,6,6. Kế toán
7,1,7. CEO,#,,,
7.1,2,7.1 Kế hoạch kinh doanh,#,,7,7. CEO
7.1.1,3,1. Kế hoạch kinh doanh tháng,/ld/unit-admin/thiet-lap-kpi,/admin/ld/unit-admin/thiet-lap-kpi,7.1,7.1 Kế hoạch kinh doanh
7.1.2,3,2. Lập kế hoạch kinh doanh năm,/ld/thong-ke/lap-ke-hoach-kinh-doanh,/admin/ld/thong-ke/lap-ke-hoach-kinh-doanh,7.1,7.1 Kế hoạch kinh doanh
7.1.3,3,3. Danh mục KPI,/ld/unit-admin/danh-muc-kpi,/admin/ld/unit-admin/danh-muc-kpi,7.1,7.1 Kế hoạch kinh doanh
7.1.4,3,4. Khai báo thưởng,/ld/unit-admin/thiet-lap-thuong-theo-doanh-so,/admin/ld/unit-admin/thiet-lap-thuong-theo-doanh-so,7.1,7.1 Kế hoạch kinh doanh
8,1,8. Báo cáo thống kê,#,,,
8.1,2,8.1 Marketing,#,,8,8. Báo cáo thống kê
8.1.1,3,1. Biểu đồ thống kê theo khung giờ,/ld/thong-ke,/admin/ld/thong-ke,8.1,8.1 Marketing
8.1.2,3,2. Báo cáo doanh số marketing,/bao-cao/bao-cao-doanh-so-chi-tiet-marketing,/admin/bao-cao/bao-cao-doanh-so-chi-tiet-marketing,8.1,8.1 Marketing
8.1.3,3,3. Báo cáo up sale,/ld/thong-ke/bao-cao-up-sale,/admin/ld/thong-ke/bao-cao-up-sale,8.1,8.1 Marketing
8.2,2,8.2 Sale,#,,8,8. Báo cáo thống kê
8.2.1,3,1. Báo cáo công việc sale,/ld/thong-ke/bao-cao-cong-viec-sale,/admin/ld/thong-ke/bao-cao-cong-viec-sale,8.2,8.2 Sale
8.2.2,3,2. Báo cáo doanh số sale,/bao-cao/bao-cao-doanh-so-chi-tiet,/admin/bao-cao/bao-cao-doanh-so-chi-tiet,8.2,8.2 Sale
8.2.3,3,3. Báo cáo lịch hẹn telesales,/ld/thong-ke/bao-cao-lich-hen-telesales,/admin/ld/thong-ke/bao-cao-lich-hen-telesales,8.2,8.2 Sale
8.3,2,8.3 Kho,#,,8,8. Báo cáo thống kê
8.3.1,3,"1. Báo cáo nhập, xuất theo ngày",/ld/warehouse/quan-ly-kho/bao-cao-xuat-nhap-theo-ngay,/admin/ld/warehouse/quan-ly-kho/bao-cao-xuat-nhap-theo-ngay,8.3,8.3 Kho
8.3.2,3,2. Bảng tổng hợp chờ xuất theo ngày,/bao-cao/bao-cao-cho-xuat-theo-ngay,/admin/bao-cao/bao-cao-cho-xuat-theo-ngay,8.3,8.3 Kho
8.3.3,3,3. Báo cáo giá vốn sản phẩm,/ld/thong-ke/bao-cao-gia-von-san-pham,/admin/ld/thong-ke/bao-cao-gia-von-san-pham,8.3,8.3 Kho
8.3.4,3,4. Báo cáo kinh doanh hệ thống,/ld/thong-ke/bao-cao-kinh-doanh-he-thong,/admin/ld/thong-ke/bao-cao-kinh-doanh-he-thong,8.3,8.3 Kho
8.4,2,8.4 Kế toán,#,,8,8. Báo cáo thống kê
8.4.1,3,1. Báo cáo kinh doanh,/bao-cao/bao-cao-kinh-doanh-accounting,/admin/bao-cao/bao-cao-kinh-doanh-accounting,8.4,8.4 Kế toán
8.5,2,8.5 Quản trị,#,,8,8. Báo cáo thống kê
8.5.1,3,1. CEO dashboard,/bao-cao/ceo-dash-board,/admin/bao-cao/ceo-dash-board,8.5,8.5 Quản trị
8.5.2,3,2. CEO dashboard V2,/bao-cao/ceo-dash-board-v2,/admin/bao-cao/ceo-dash-board-v2,8.5,8.5 Quản trị
8.5.3,3,3. Phong thần bảng,/ld/ceo/phong-than-bang,/admin/ld/ceo/phong-than-bang,8.5,8.5 Quản trị
8.5.4,3,4. Biểu đồ xu hướng,/ld/ceo/xu-huong,/admin/ld/ceo/xu-huong,8.5,8.5 Quản trị
8.5.5,3,5. Bảng tổng hợp chia data,/ld/ceo/bang-tong-hop-chia-so,/admin/ld/ceo/bang-tong-hop-chia-so,8.5,8.5 Quản trị
8.5.6,3,6. Báo cáo biểu đồ,/ld/ceo/chartdetail-dashboard,/admin/ld/ceo/chartdetail-dashboard,8.5,8.5 Quản trị
8.5.7,3,7. Báo cáo doanh số,/ld/thong-ke/bao-cao-doanh-so,/admin/ld/thong-ke/bao-cao-doanh-so,8.5,8.5 Quản trị
8.5.8,3,8. Báo cáo doanh số V2,/ld/thong-ke/bao-cao-doanh-so-v2,/admin/ld/thong-ke/bao-cao-doanh-so-v2,8.5,8.5 Quản trị
8.5.9,3,9. Power dashboard,/ld/ceo/power-dashboard,/admin/ld/ceo/power-dashboard,8.5,8.5 Quản trị
8.5.10,3,10. Thống kê khách hàng mua lại,/ld/thong-ke/thong-ke-khach-hang-mua-lai,/admin/ld/thong-ke/thong-ke-khach-hang-mua-lai,8.5,8.5 Quản trị
8.5.11,3,11. Thống kê KH mua lại theo số sp,/ld/thong-ke/thong-ke-khach-hang-mua-lai-theo-so-sp,/admin/ld/thong-ke/thong-ke-khach-hang-mua-lai-theo-so-sp,8.5,8.5 Quản trị
8.5.12,3,12. Thống kê KH mua lại theo sản phẩm,/ld/thong-ke/thong-ke-khach-hang-mua-lai-theo-san-pham,/admin/ld/thong-ke/thong-ke-khach-hang-mua-lai-theo-san-pham,8.5,8.5 Quản trị
8.5.13,3,13. Báo cáo thao tác nhập số,/ld/thong-ke/bao-cao-thao-tac-nhap-so,/admin/ld/thong-ke/bao-cao-thao-tac-nhap-so,8.5,8.5 Quản trị
8.5.14,3,14. Báo cáo tỉ lệ chốt đơn sản phẩm,/ld/thong-ke/bao-cao-ti-le-chot-don-san-pham,/admin/ld/thong-ke/bao-cao-ti-le-chot-don-san-pham,8.5,8.5 Quản trị
8.5.15,3,15. Bảng tổng hợp chia data V2,/ld/ceo/bang-tong-hop-chia-so2,/admin/ld/ceo/bang-tong-hop-chia-so2,8.5,8.5 Quản trị
8.5.16,3,16. Báo cáo care đơn,/bao-cao/bao-cao-care-don,/admin/bao-cao/bao-cao-care-don,8.5,8.5 Quản trị
8.5.17,3,17. Báo cáo chia số care đơn,/ld/ceo/bang-tong-hop-chia-so-kho,/admin/ld/ceo/bang-tong-hop-chia-so-kho,8.5,8.5 Quản trị
8.6,2,8.6 Số liệu nâng cao,#,,8,8. Báo cáo thống kê
8.7,2,8.7 Khách hàng 360,#,,8,8. Báo cáo thống kê
8.7.1,3,1. Thống kê khách hàng đa chiều,/ld/thong-ke/khach-hang-360-thong-ke-lan-mua-lai,/admin/ld/thong-ke/khach-hang-360-thong-ke-lan-mua-lai,8.7,8.7 Khách hàng 360
9,1,9. Dịch vụ trả phí,#,,,
9.1,2,9.1 Tổng đài,#,,9,9. Dịch vụ trả phí
9.1.3,3,3. Tổng đài user,/ld/tong-dai/tong-dai-user,/admin/ld/tong-dai/tong-dai-user,9.1,9.1 Tổng đài
9.1.4,3,4. Quản lý lịch sử cuộc gọi,/ld/tong-dai/lich-su-cuoc-goi,/admin/ld/tong-dai/lich-su-cuoc-goi,9.1,9.1 Tổng đài
9.1.5,3,5. Thống kê,/ld/tong-dai/dash-board,/admin/ld/tong-dai/dash-board,9.1,9.1 Tổng đài
9.1.6,3,6. Cài đặt tổng đài,/ld/tong-dai/tong-dai-don-vi-khach-hang,/admin/ld/tong-dai/tong-dai-don-vi-khach-hang,9.1,9.1 Tổng đài
9.1.7,3,7. Download App Pushcall,https://test.pushsale.vn/data/mobile_app/app-release-pushcall-56.apk,,9.1,9.1 Tổng đài
9.1.8,3,8. Quản lý sim push call,/ld/tong-dai/danh-sach-sim,/admin/ld/tong-dai/danh-sach-sim,9.1,9.1 Tổng đài
9.2,2,9.2 Quản lý notification,#,,9,9. Dịch vụ trả phí
9.2.2,3,2. Cấu hình thông báo,/ld/quan-ly-thong-bao/cau-hinh-thong-bao,/admin/ld/quan-ly-thong-bao/cau-hinh-thong-bao,9.2,9.2 Quản lý notification
9.2.3,3,3. Quản lý tin nhắn mẫu,/ld/quan-ly-thong-bao/tin-nhan-mau,/admin/ld/quan-ly-thong-bao/tin-nhan-mau,9.2,9.2 Quản lý notification
9.2.4,3,4. Quản lý SMS,/ld/quan-ly-thong-bao/quan-ly-sms,/admin/ld/quan-ly-thong-bao/quan-ly-sms,9.2,9.2 Quản lý notification
